review,movie,genre,year,rating,sentiment,confidence,keywords
An emotional and epic conclusion to more than a decade of storytelling. The final battle gave me chills.,Avengers: Endgame,Action,2019,5,Positive,0.96,"emotional, epic, final battle"
Every character gets a moment to shine and the payoff is huge. Worth every minute of the three hours.,Avengers: Endgame,Action,2019,5,Positive,0.95,"payoff, characters, runtime"
"Great fan service and a satisfying ending, though the time travel logic gets a bit messy.",Avengers: Endgame,Action,2019,4,Positive,0.86,"fan service, satisfying ending, time travel"
Emotional and well paced despite the long runtime. The first hour is slow but it pays off.,Avengers: Endgame,Action,2019,4,Positive,0.85,"emotional, well paced, slow start"
Overlong and overhyped. I was bored through the middle and the plot holes bothered me.,Avengers: Endgame,Action,2019,2,Negative,0.86,"overlong, overhyped, plot holes"
Heath Ledger's Joker is unforgettable. A crime thriller that happens to feature a superhero.,The Dark Knight,Action,2008,5,Positive,0.95,"Joker, Heath Ledger, crime thriller"
"Tense, smart, and brilliantly acted. Still the gold standard for comic book movies.",The Dark Knight,Action,2008,5,Positive,0.94,"tense, acting, gold standard"
"Excellent film with a gripping villain, but the third act feels slightly overstuffed.",The Dark Knight,Action,2008,4,Positive,0.85,"gripping villain, overstuffed, third act"
"Dark, serious, and gripping from start to finish. The score is fantastic.",The Dark Knight,Action,2008,4,Positive,0.88,"dark, gripping, score"
Very good but a bit overrated for me. The pacing drags near the end.,The Dark Knight,Action,2008,3,Neutral,0.71,"overrated, pacing, slow ending"
A mind-bending masterpiece. The visuals and the score work perfectly together.,Inception,Sci-Fi,2010,5,Positive,0.94,"mind-bending, visuals, score"
"Clever and original, though I needed a second watch to catch everything.",Inception,Sci-Fi,2010,4,Positive,0.85,"clever, original, rewatch"
Brilliant concept executed with confidence. The hallway fight scene is amazing.,Inception,Sci-Fi,2010,5,Positive,0.96,"brilliant concept, hallway fight, confident"
Interesting idea but too much exposition. I admired it more than I enjoyed it.,Inception,Sci-Fi,2010,3,Neutral,0.71,"exposition, interesting idea, admired"
Confusing and cold. I couldn't connect emotionally with any of the characters.,Inception,Sci-Fi,2010,2,Negative,0.84,"confusing, cold, no emotional connection"
"Beautiful, emotional, and ambitious. The docking scene had me holding my breath.",Interstellar,Sci-Fi,2014,5,Positive,0.93,"emotional, ambitious, docking scene"
A love letter to curiosity and family. Hans Zimmer's organ music is incredible.,Interstellar,Sci-Fi,2014,5,Positive,0.96,"curiosity, family, Hans Zimmer"
Stunning visuals and a moving father-daughter story. Some dialogue is hard to hear.,Interstellar,Sci-Fi,2014,4,Positive,0.87,"visuals, father-daughter, dialogue"
"Great first half, but the ending got too sentimental and hard to believe.",Interstellar,Sci-Fi,2014,3,Neutral,0.7,"great first half, sentimental ending, unbelievable"
Too long and too preachy. The science talk lost me completely.,Interstellar,Sci-Fi,2014,2,Negative,0.83,"too long, preachy, science"
"Sharp, funny, and devastating. Every scene is perfectly designed.",Parasite,Thriller,2019,5,Positive,0.96,"sharp, funny, devastating"
A flawless blend of dark comedy and thriller. The tonal shift is masterful.,Parasite,Thriller,2019,5,Positive,0.95,"dark comedy, thriller, tonal shift"
Deserves every award it won. I couldn't look away for a second.,Parasite,Thriller,2019,5,Positive,0.94,"awards, gripping, masterful"
Smart social commentary wrapped in a gripping story. The ending hit hard.,Parasite,Thriller,2019,4,Positive,0.85,"social commentary, gripping, ending"
"Well made, but the violent turn felt abrupt and left me unsettled.",Parasite,Thriller,2019,3,Neutral,0.72,"well made, violent turn, unsettling"
"Original, tense, and full of sharp social commentary. A modern horror classic.",Get Out,Horror,2017,5,Positive,0.95,"original, tense, social commentary"
Genuinely creepy and clever. The hypnosis scene is haunting.,Get Out,Horror,2017,4,Positive,0.86,"creepy, clever, hypnosis scene"
"Smart writing and great performances, with a satisfying payoff.",Get Out,Horror,2017,4,Positive,0.85,"smart writing, performances, payoff"
"Good idea, but the last act leans on horror cliches.",Get Out,Horror,2017,3,Neutral,0.72,"good idea, last act, cliches"
Not scary enough for me. The message felt heavy-handed.,Get Out,Horror,2017,2,Negative,0.85,"not scary, heavy-handed, message"
Effective jump scares and a spooky atmosphere. Well acted throughout.,The Conjuring,Horror,2013,4,Positive,0.86,"jump scares, atmosphere, well acted"
Old-school haunted house horror done right. I slept with the lights on.,The Conjuring,Horror,2013,4,Positive,0.85,"haunted house, old-school, scary"
"Scary in places, but the story follows a very familiar formula.",The Conjuring,Horror,2013,3,Neutral,0.72,"formulaic, scary, familiar"
Predictable and loud. Most of the scares felt cheap.,The Conjuring,Horror,2013,2,Negative,0.85,"predictable, loud, cheap scares"
Boring and repetitive. I didn't feel any tension at all.,The Conjuring,Horror,2013,1,Negative,0.92,"boring, repetitive, no tension"
Timeless romance with breathtaking scenes. The ending still makes me cry.,Titanic,Romance,1997,5,Positive,0.93,"timeless, romance, ending"
Epic in scale yet deeply personal. The chemistry between the leads is perfect.,Titanic,Romance,1997,5,Positive,0.96,"epic, chemistry, personal"
"Beautiful production and a moving love story, though it runs long.",Titanic,Romance,1997,4,Positive,0.87,"production, love story, long"
Visually stunning but the dialogue can be cheesy.,Titanic,Romance,1997,3,Neutral,0.7,"stunning visuals, cheesy dialogue, mixed"
"Too long and melodramatic. There was room on that door, honestly.",Titanic,Romance,1997,2,Negative,0.83,"too long, melodramatic, door"
"Gorgeous music, dazzling colors, and a bittersweet ending that stays with you.",La La Land,Romance,2016,5,Positive,0.96,"music, colors, bittersweet ending"
Charming and beautifully shot. The final sequence is wonderful.,La La Land,Romance,2016,4,Positive,0.87,"charming, well shot, final sequence"
"Great performances and catchy songs, though the middle drags a little.",La La Land,Romance,2016,4,Positive,0.86,"performances, songs, dragging middle"
"Pretty to look at, but I found the story thin.",La La Land,Romance,2016,3,Neutral,0.69,"pretty, thin story, visuals"
Overhyped musical. The songs did not stick with me.,La La Land,Romance,2016,2,Negative,0.86,"overhyped, forgettable songs, musical"
"Hilarious from beginning to end, and surprisingly heartfelt about friendship.",Superbad,Comedy,2007,5,Positive,0.95,"hilarious, heartfelt, friendship"
Crude but very funny. The chemistry between the two leads sells it.,Superbad,Comedy,2007,4,Positive,0.86,"crude, funny, chemistry"
Laugh-out-loud moments and a sweet story underneath the jokes.,Superbad,Comedy,2007,4,Positive,0.85,"laughs, sweet story, jokes"
"Some jokes land, others feel dated. Still an okay watch.",Superbad,Comedy,2007,3,Neutral,0.72,"dated jokes, mixed, okay watch"
Too much crude humor for my taste. I laughed only a few times.,Superbad,Comedy,2007,2,Negative,0.85,"crude humor, few laughs, not for me"
A groundbreaking and heartwarming film. Woody and Buzz are unforgettable.,Toy Story,Animation,1995,5,Positive,0.94,"groundbreaking, heartwarming, Woody and Buzz"
"Charming, funny, and full of heart. It holds up wonderfully today.",Toy Story,Animation,1995,5,Positive,0.93,"charming, funny, holds up"
"Delightful for kids and adults alike, with a clever script.",Toy Story,Animation,1995,4,Positive,0.88,"kids and adults, clever script, delightful"
Still a joy to watch. The animation is dated but the story is timeless.,Toy Story,Animation,1995,4,Positive,0.87,"joy, dated animation, timeless story"
"Fun, but I prefer the sequels. It's a little slow to start.",Toy Story,Animation,1995,3,Neutral,0.7,"prefer sequels, slow start, fun"
"Magical, strange, and beautiful. Every frame feels hand-crafted.",Spirited Away,Animation,2001,5,Positive,0.93,"magical, beautiful, hand-crafted"
A wonderful coming-of-age fantasy with a stunning world and gentle pacing.,Spirited Away,Animation,2001,5,Positive,0.96,"coming-of-age, fantasy, gentle pacing"
"Imaginative and emotional, though some scenes felt slow.",Spirited Away,Animation,2001,4,Positive,0.87,"imaginative, emotional, slow scenes"
Gorgeous animation and memorable characters. No-Face is fascinating.,Spirited Away,Animation,2001,4,Positive,0.86,"animation, characters, No-Face"
Beautiful but confusing at times. I needed to research the symbolism.,Spirited Away,Animation,2001,3,Neutral,0.69,"confusing, symbolism, beautiful"
"Joaquin Phoenix delivers a haunting, unforgettable performance.",Joker,Drama,2019,5,Positive,0.96,"Joaquin Phoenix, haunting, performance"
"Dark, uncomfortable, and compelling. The cinematography is excellent.",Joker,Drama,2019,4,Positive,0.87,"dark, uncomfortable, cinematography"
Great acting but a thin story that borrows heavily from other films.,Joker,Drama,2019,3,Neutral,0.7,"acting, thin story, derivative"
Slow and bleak. I didn't find the character interesting after the first hour.,Joker,Drama,2019,2,Negative,0.83,"slow, bleak, uninteresting"
Disturbing and pointless. I regret watching it.,Joker,Drama,2019,1,Negative,0.94,"disturbing, pointless, regret"
"Hopeful, moving, and perfectly told. A film I can watch over and over.",Shawshank Redemption,Drama,1994,5,Positive,0.95,"hopeful, moving, rewatchable"
Great performances and a beautiful message about hope and friendship.,Shawshank Redemption,Drama,1994,5,Positive,0.94,"performances, hope, friendship"
The best ending in movie history. Pure emotional satisfaction.,Shawshank Redemption,Drama,1994,5,Positive,0.93,"best ending, emotional, satisfying"
"Excellent storytelling, although the pacing is slow at times.",Shawshank Redemption,Drama,1994,4,Positive,0.88,"storytelling, slow pacing, excellent"
"Good movie, but I honestly don't see why it's ranked number one.",Shawshank Redemption,Drama,1994,3,Neutral,0.71,"good movie, overrated ranking, doubt"
A slow-burn crime epic with unforgettable performances. Every scene feels deliberate.,The Godfather,Crime,1972,5,Positive,0.96,"epic, performances, deliberate"
Marlon Brando and Al Pacino are magnetic. The family drama hits harder than the violence.,The Godfather,Crime,1972,5,Positive,0.95,"Brando, Pacino, family drama"
"Rich storytelling and superb cinematography, though the pace takes patience.",The Godfather,Crime,1972,4,Positive,0.86,"storytelling, cinematography, slow pace"
A true classic that earns its reputation. The wedding opening is perfect.,The Godfather,Crime,1972,4,Positive,0.85,"classic, wedding scene, reputation"
"Respect the craft, but it felt too long and slow for me.",The Godfather,Crime,1972,2,Negative,0.86,"too long, slow, craft"
Sharp dialogue and a wildly inventive structure. Endlessly rewatchable.,Pulp Fiction,Crime,1994,5,Positive,0.95,"dialogue, structure, rewatchable"
"Stylish, funny, and violent in equal measure. The diner scenes are great.",Pulp Fiction,Crime,1994,4,Positive,0.86,"stylish, funny, diner"
"Tarantino at his best, with a killer soundtrack and memorable characters.",Pulp Fiction,Crime,1994,4,Positive,0.85,"Tarantino, soundtrack, characters"
"Clever and cool, but the non-linear format left me a little detached.",Pulp Fiction,Crime,1994,3,Neutral,0.72,"non-linear, clever, detached"
Too much violence and chatter for my taste. I didn't get the hype.,Pulp Fiction,Crime,1994,2,Negative,0.85,"violence, overhyped, talkative"
Revolutionary action and a mind-bending premise. The lobby shootout still rules.,The Matrix,Sci-Fi,1999,5,Positive,0.94,"groundbreaking, action, mind-bending"
"Stylish, smart, and endlessly quotable. It changed how action movies look.",The Matrix,Sci-Fi,1999,5,Positive,0.93,"stylish, quotable, influential"
"Great concept and effects that still hold up, with some clunky exposition.",The Matrix,Sci-Fi,1999,4,Positive,0.88,"concept, effects, exposition"
Keanu is perfect for the role and the fight choreography is superb.,The Matrix,Sci-Fi,1999,4,Positive,0.87,"Keanu Reeves, choreography, fun"
"Cool ideas, but the philosophy talk slowed the middle for me.",The Matrix,Sci-Fi,1999,3,Neutral,0.7,"philosophy, slow middle, cool ideas"
Stunning visuals and huge scale. The sound design is incredible.,Dune,Sci-Fi,2021,5,Positive,0.93,"visuals, scale, sound design"
"Epic and immersive, though it feels like half a story.",Dune,Sci-Fi,2021,4,Positive,0.88,"epic, immersive, half a story"
Beautifully directed with strong performances. Sandworm scenes are awesome.,Dune,Sci-Fi,2021,4,Positive,0.87,"direction, sandworms, performances"
Gorgeous but slow and cold. I struggled to connect with the characters.,Dune,Sci-Fi,2021,3,Neutral,0.7,"slow, cold, gorgeous"
Too slow and too serious. Nothing much happens.,Dune,Sci-Fi,2021,2,Negative,0.83,"slow, serious, boring"
Russell Crowe carries the film with grit and heart. The arena battles are thrilling.,Gladiator,Action,2000,5,Positive,0.96,"Russell Crowe, arena battles, heart"
"Epic, emotional, and powerful. The score gives me chills every time.",Gladiator,Action,2000,5,Positive,0.95,"epic, score, emotional"
"A great revenge story with strong performances, a bit predictable at points.",Gladiator,Action,2000,4,Positive,0.86,"revenge, performances, predictable"
Grand scale and a memorable villain in Commodus. Some scenes drag.,Gladiator,Action,2000,4,Positive,0.85,"Commodus, scale, dragging"
"Solid and entertaining, though I expected more from the story.",Gladiator,Action,2000,3,Neutral,0.72,"solid, entertaining, thin story"
Nonstop adrenaline with jaw-dropping practical stunts. A masterclass in action.,Mad Max: Fury Road,Action,2015,5,Positive,0.95,"adrenaline, practical stunts, masterclass"
Visually insane and surprisingly moving. Furiosa is a fantastic hero.,Mad Max: Fury Road,Action,2015,5,Positive,0.94,"visuals, Furiosa, moving"
"Relentless and beautifully shot, with a very thin plot that doesn't matter.",Mad Max: Fury Road,Action,2015,4,Positive,0.85,"relentless, cinematography, thin plot"
"Loud, wild, and fun. The desert chase scenes are unbelievable.",Mad Max: Fury Road,Action,2015,4,Positive,0.88,"wild, chase scenes, fun"
Just one long chase with too little story. It gave me a headache.,Mad Max: Fury Road,Action,2015,2,Negative,0.85,"chase, thin story, headache"
"Gorgeous and heartfelt, and the music is wonderful. I cried at the end.",Coco,Animation,2017,5,Positive,0.94,"music, heartfelt, emotional ending"
A beautiful celebration of family and memory. The colors are stunning.,Coco,Animation,2017,5,Positive,0.93,"family, memory, colors"
"Charming story with great songs, though the plot is predictable.",Coco,Animation,2017,4,Positive,0.88,"songs, charming, predictable"
Emotional and visually rich. Remember Me gets me every time.,Coco,Animation,2017,4,Positive,0.87,"emotional, visuals, Remember Me"
"Pretty and sweet, but I found the middle a bit slow.",Coco,Animation,2017,3,Neutral,0.7,"pretty, sweet, slow middle"
A timeless story with an unforgettable soundtrack. Mufasa's scene still breaks me.,The Lion King,Animation,1994,5,Positive,0.93,"soundtrack, Mufasa, timeless"
Majestic animation and songs that stay in your head for days.,The Lion King,Animation,1994,5,Positive,0.96,"animation, songs, majestic"
"Great characters and a strong emotional core, a little dated in places.",The Lion King,Animation,1994,4,Positive,0.87,"characters, emotional, dated"
"Simba, Timon and Pumbaa are a joy. Hakuna Matata is pure fun.",The Lion King,Animation,1994,4,Positive,0.86,"Timon and Pumbaa, Hakuna Matata, fun"
Good but I like other Disney movies more. Scar is the best part.,The Lion King,Animation,1994,3,Neutral,0.69,"Scar, decent, prefer others"
"Warm, funny, and deeply moving. Tom Hanks is fantastic.",Forrest Gump,Drama,1994,5,Positive,0.96,"Tom Hanks, warm, moving"
A charming journey through decades of history with lots of heart.,Forrest Gump,Drama,1994,4,Positive,0.87,"charming, history, heart"
"Feel-good and emotional, though a little sentimental at times.",Forrest Gump,Drama,1994,4,Positive,0.86,"feel-good, emotional, sentimental"
"Enjoyable, but I found Forrest's story too convenient.",Forrest Gump,Drama,1994,3,Neutral,0.69,"convenient, enjoyable, simplistic"
Overrated and overly sweet. It glosses over serious issues.,Forrest Gump,Drama,1994,2,Negative,0.86,"overrated, too sweet, shallow"
Intense and electrifying. J.K. Simmons is terrifyingly good.,Whiplash,Drama,2014,5,Positive,0.95,"intense, J.K. Simmons, electrifying"
The final drum solo is unforgettable. I couldn't breathe.,Whiplash,Drama,2014,5,Positive,0.94,"drum solo, ending, gripping"
"Powerful performances and sharp editing, though the teacher is extreme.",Whiplash,Drama,2014,4,Positive,0.85,"performances, editing, extreme"
A brutal look at ambition. Miles Teller is great.,Whiplash,Drama,2014,4,Positive,0.88,"ambition, Miles Teller, brutal"
Impressive filmmaking but too stressful and unpleasant for me.,Whiplash,Drama,2014,3,Neutral,0.71,"stressful, unpleasant, well made"
Breathtaking landscapes and a world that feels real. A perfect start to the trilogy.,The Fellowship of the Ring,Fantasy,2001,5,Positive,0.94,"landscapes, worldbuilding, trilogy"
"Epic in every way, with wonderful characters and a stirring score.",The Fellowship of the Ring,Fantasy,2001,5,Positive,0.93,"epic, characters, score"
"Beautiful and immersive, though the beginning is slow.",The Fellowship of the Ring,Fantasy,2001,4,Positive,0.88,"immersive, slow start, beautiful"
Great adventure with amazing production design. Gandalf steals every scene.,The Fellowship of the Ring,Fantasy,2001,4,Positive,0.87,"adventure, production design, Gandalf"
Well made but too long for me. I got lost in the many names.,The Fellowship of the Ring,Fantasy,2001,3,Neutral,0.7,"too long, many names, well made"
Pure magic. It captures the wonder of the book and the cast is charming.,Harry Potter and the Sorcerer's Stone,Fantasy,2001,5,Positive,0.93,"magic, wonder, charming cast"
"Cozy, fun, and full of imagination. Hogwarts looks amazing.",Harry Potter and the Sorcerer's Stone,Fantasy,2001,4,Positive,0.88,"cozy, imagination, Hogwarts"
"A great family adventure with a wonderful score, a bit stiff in acting.",Harry Potter and the Sorcerer's Stone,Fantasy,2001,4,Positive,0.87,"family adventure, score, stiff acting"
"Fun for kids, but the pacing is uneven.",Harry Potter and the Sorcerer's Stone,Fantasy,2001,3,Neutral,0.7,"kids, uneven pacing, fun"
"Too faithful to the book, and it felt slow and childish.",Harry Potter and the Sorcerer's Stone,Fantasy,2001,2,Negative,0.83,"slow, childish, too faithful"
"A clever, funny whodunit with a fantastic cast. I loved every twist.",Knives Out,Thriller,2019,5,Positive,0.96,"whodunit, cast, twists"
Sharp writing and a delightful Daniel Craig. Pure fun from start to finish.,Knives Out,Thriller,2019,5,Positive,0.95,"sharp writing, Daniel Craig, fun"
Smart and entertaining with great social humor.,Knives Out,Thriller,2019,4,Positive,0.86,"smart, entertaining, social humor"
A modern mystery that keeps you guessing. Ana de Armas is excellent.,Knives Out,Thriller,2019,4,Positive,0.85,"mystery, guessing, Ana de Armas"
"Enjoyable, but the reveal wasn't as surprising as I hoped.",Knives Out,Thriller,2019,3,Neutral,0.72,"enjoyable, predictable reveal, mystery"
A sweeping love story that made me cry. The chemistry is wonderful.,The Notebook,Romance,2004,5,Positive,0.95,"love story, chemistry, tearjerker"
"Sweet, emotional, and beautifully shot. A comfort movie.",The Notebook,Romance,2004,4,Positive,0.86,"sweet, emotional, comfort"
Sweet but very predictable and sappy.,The Notebook,Romance,2004,3,Neutral,0.69,"predictable, sappy, sweet"
Melodramatic and cliched. I couldn't buy the romance.,The Notebook,Romance,2004,2,Negative,0.86,"melodramatic, cliched, unconvincing"
Cheesy and overlong. Not for me at all.,The Notebook,Romance,2004,1,Negative,0.93,"cheesy, overlong, not for me"
Laugh-out-loud funny with real heart. Kristen Wiig is brilliant.,Bridesmaids,Comedy,2011,5,Positive,0.94,"funny, heart, Kristen Wiig"
"Hilarious and relatable, especially the dress shop scene.",Bridesmaids,Comedy,2011,4,Positive,0.85,"hilarious, relatable, dress shop"
"Great cast and quotable jokes, though it runs a bit long.",Bridesmaids,Comedy,2011,4,Positive,0.88,"cast, quotable, long"
Some scenes are great but others are just crude.,Bridesmaids,Comedy,2011,3,Neutral,0.71,"crude, uneven, funny moments"
I laughed a few times but the humor felt forced.,Bridesmaids,Comedy,2011,2,Negative,0.84,"forced humor, few laughs, uneven"
"Terrifying, clever, and emotional. The silence makes every sound count.",A Quiet Place,Horror,2018,5,Positive,0.93,"silence, tension, emotional"
A fresh take on horror with an amazing family core. I held my breath throughout.,A Quiet Place,Horror,2018,5,Positive,0.96,"fresh, family, suspense"
"Very tense and well acted, with a few plot holes.",A Quiet Place,Horror,2018,4,Positive,0.87,"tense, acting, plot holes"
Great concept and strong sound design. The ending is thrilling.,A Quiet Place,Horror,2018,4,Positive,0.86,"concept, sound design, ending"
Effective scares but a thin story overall.,A Quiet Place,Horror,2018,3,Neutral,0.69,"scares, thin story, effective"
